name,email,phone,current_company,title,city,region,country,linkedin_url
Laura Mahoney,laura.mahoney80@example.com,,"Jarvis, Mcpherson and Fischer",Security Engineer,Rohtak,Mizoram,IN,https://linkedin.com/in/laura-mahoney
Danielle Brown,danielle.brown@corp.example.com,+1-599-555-7780,"Knight, Cummings and Gray",Senior Software Engineer,New Rachel,Maryland,USA,https://linkedin.com/in/danielle-brown
Elaine Davies,elaine.davies@example.com,+1-269-555-9989,Bradshaw and Sons,Dramatherapist,Lake Staceyfort,Saskatchewan,CA,https://www.linkedin.com/in/elaine-davies/
藤田 浩,user5403@example.com,+64 3 280-0279,株式会社太田食品,アナウンサー,Whangamoko,Region-42,NZ,
김지아,user738752@example.com,+97-020 7502834,(유) 중앙,택배원,Bellport,Region-73,New Zealand,https://linkedin.com/in/gimjia
Andreas-Arne Hanssen,andreasarne.hanssen@mail.example.com,+81-043255958,Thorsen-Pedersen ASA,Site Reliability Engineer,Corana,Napoli,Italy,
Chelsea Taylor,chelsea.taylor@corp.example.com,+1-494-555-7527,"Turner, Todd and Byrne",Financial manager,Lake Lance,Saskatchewan,Canada,https://linkedin.com/in/chelsea-taylor
Joshua Ram,joshua.ram@corp.example.com,+68-0825133022,Bhatia-Bora,"Therapist, music",St.Jakob Bei Boze,Siena,IT,https://www.linkedin.com/in/joshua-ram-428/
Megha Saxena,megha.saxena@corp.example.com,+41-08-17 76 01,"Ramaswamy, Dixit and Murty",Proofreader,Kalmar,Hallands län,Sweden,
Holly Hester,holly.hester@corp.example.com,+86-3696297034,Frost-Smith,Frontend Developer,Ramagundam,Sikkim,IN,https://www.linkedin.com/in/holly-hester/
Holly Hester,holly.hester@corp.example.com,+86-3696297034,Frost-Smith,Frontend Developer,Ramagundam,Sikkim,IN,https://www.linkedin.com/in/holly-hester/
Paula Mcgrath,paula.mcgrath@mail.example.com,+46-366655104,Garcia-Howard,DevOps Engineer,Valle Martella,Imperia,IT,https://linkedin.com/in/paula-mcgrath-641
Meredith Gardner,meredith.gardner@mail.example.com,,Hill-Davis,Founder,Teruel,Cáceres,Spain,https://linkedin.com/in/meredith-gardner
Stephanie Williams,stephanie.williams@corp.example.com,,"Davis, Boone and Knight",Manufacturing systems engineer,Villagreca,Verbano-Cusio-Ossola,IT,
Marit Aeije,marit.aeije@example.com,+18(7)5674843023,Stichting Brumleve,Immigration officer,San Fabiola los altos,Guerrero,MX,https://linkedin.com/in/marit-aeije
Elias Koeman,elias.koeman@mail.example.com,+60-06 98 08 96 00,Royal Boudewijns,Founder,Mercier,Champagne-Ardenne,France,
Hugues Meunier,hugues.meunier@corp.example.com,+91-00999 690554,Dupré SARL,expert bilan carbone,Hildburghausen,Saarland,DE,https://www.linkedin.com/in/hugues-meunier/
Micha Bleijenberg,micha.bleijenberg@corp.example.com,+33 4 15 89 42 93,van Venrooy Groep,"Production assistant, radio",Briand,Haute-Normandie,FR,
Barry Barber-Matthews,barry.barbermatthews@example.com,+34 978 21 05 84,James-Sinclair,Security Engineer,Toledo,Ourense,Spain,https://www.linkedin.com/in/barry-barber-matthews/
Pamela Ross-Rogers,pamela.rossrogers@example.com,+13-71 1032 1916,"Hunter, Hill and Williams",Insurance underwriter,Siqueira das Flores,Roraima,BR,https://www.linkedin.com/in/pamela-ross-rogers-710/
Caitlin Herrera,caitlin.herrera@example.com,+61-485-247-6092x6407,"Montoya, Warner and Lewis",Outdoor activities/education manager,Amy-Leigh Ville,Laois,IE,
Agustín Cortes Ayuso,agustn.ayuso@corp.example.com,+85-361503718,Familia Montalbán S.C.P,Principal Engineer,Fosciandora,Alessandria,IT,https://linkedin.com/in/agustin-cortes-ayuso
Jackie Cruz,jackie.cruz@example.com,+44141 496 0500,"Smith, Thompson and Oneill",Senior Software Engineer,New Johnport,Scottish Borders,Great Britain,https://linkedin.com/in/jackie-cruz-812
Caitlin Perry,caitlin.perry@corp.example.com,+70-05 96 22 39 48,Dennis-Smith,Staff Software Engineer,Andre,Province-Alpes-Côte d'Azur,France,
Norma Wilson,norma.wilson@corp.example.com,+38-212-332-1928x265,Jones-Hale,Engineering Manager,San Alonso los altos,San Luis Potosí,Mexico,https://www.linkedin.com/in/norma-wilson/
Sergius Tomei,sergius.tomei@corp.example.com,+66-078432931,"Goldoni, Carullo e Aloisio e figli",Consulting civil engineer,Ceglie Messapica,Firenze,Italy,https://linkedin.com/in/sergius-tomei
Diana Williams,diana.williams@mail.example.com,+31348-312103,Smith-Simpson,Open Source Maintainer,Smilde,Friesland,Netherlands,https://www.linkedin.com/in/diana-williams/
Kristoffer Henriksen,kristoffer.henriksen@corp.example.com,+64-9-394-8362,Nygård AS,Backend Developer,Wekahorowai,Region-82,New Zealand,https://linkedin.com/in/kristoffer-henriksen
Richard Rodriguez,richard.rodriguez@example.com,+27-052-876-9413,Lopez Ltd,Fellow,공주시,강원도,Korea,https://linkedin.com/in/richard-rodriguez-520
Stig Helland,stig.helland@corp.example.com,,"Sivertsen, Rønning og Nilsen",Gaffer,Vizcaya,Segovia,Spain,https://linkedin.com/in/stig-helland
Irmhild Baum,irmhild.baum@corp.example.com,+57-(061) 8142 3999,Kobelt Zahn KG,Site Reliability Engineer,das Neves do Amparo,Tocantins,Brazil,
Kathleen Carter,kathleen.carter50@corp.example.com,+33 (0)3 85 03 17 48,Dudley Inc,Fellow,Monnier-sur-Mer,Pays-de-Loire,FR,https://linkedin.com/in/kathleen-carter
Kathleen Carter,kathleen.carter50@corp.example.com,+33 (0)3 85 03 17 48,Dudley Inc,Fellow,Monnier-sur-Mer,Pays-de-Loire,FR,https://linkedin.com/in/kathleen-carter
Emigdio Lastra Echevarría,emigdio.echevarra@corp.example.com,+1-861-807-2113x0752,Transportes Ballester S.L.,Compositor,Kaitlin Ville,Wexford,Ireland,https://linkedin.com/in/emigdio-lastra-echevarria
Silje Berg,silje.berg@corp.example.com,+1-298-555-5190,Edvardsen og Sønner,Financial trader,Evansstad,Newfoundland and Labrador,Canada,
小林 淳,user7766@corp.example.com,+28-055-692 58 85,渡辺印刷株式会社,脚本家,Kristianstad,Gävleborgs län,SE,https://linkedin.com/in/xiao-lin-chun
Mariusz Kuboń,mariusz.kubo@corp.example.com,+34 806749082,Kiełek-Doroszkiewicz Sp.j.,Sufler,Madrid,Melilla,Spain,https://linkedin.com/in/mariusz-kubon
吉田 和也,user112650@mail.example.com,+61.404.613.685,株式会社佐々木ガス,Senior Software Engineer,New Blakeberg,Tasmania,Australia,https://www.linkedin.com/in/ji-tian-he-ye/
양정호,user3170@example.com,+12-0112-12 92 82,주식회사 가람,Machine Learning Engineer,Piteå,Dalarnas län,Sweden,
성정숙,user4827@corp.example.com,+1-989-555-6646,주식회사 종합한강신문,Site Reliability Engineer,North Briantown,Yukon Territory,CA,
Olivia da Rosa,olivia.rosa@mail.example.com,+19-064-792-3736,Moura - ME,DevOps Engineer,안양시 만안구,경상남도,South Korea,
